<?xml version="1.0" encoding="UTF-8"?>
<launch4jConfig>
  <headerType>gui</headerType>
  <dontWrapJar>true</dontWrapJar>
  <downloadUrl>http://java.com/download</downloadUrl>
  <outfile>C:\Users\ryanb\Documents\Year 2\UofTHacks\Virtual_Meeting_Maestro\application.windows32\Virtual_Meeting_Maestro.exe</outfile>
  <icon>C:\processing-3.5.4\modes\java\application\sketch.ico</icon>
  <classPath>
    <mainClass>Virtual_Meeting_Maestro</mainClass>
    <cp>lib/Virtual_Meeting_Maestro.jar</cp>
    <cp>lib/core.jar</cp>
    <cp>lib/jogl-all.jar</cp>
    <cp>lib/gluegen-rt.jar</cp>
    <cp>lib/jogl-all-natives-windows-i586.jar</cp>
    <cp>lib/gluegen-rt-natives-windows-i586.jar</cp>
    <cp>lib/annotations-16.0.1.jar</cp>
    <cp>lib/apiguardian-api-1.1.0.jar</cp>
    <cp>lib/colorpicker-1.1.jar</cp>
    <cp>lib/darcula-2018.2.jar</cp>
    <cp>lib/filters-2.0.235.jar</cp>
    <cp>lib/swing-worker-1.1.jar</cp>
    <cp>lib/swingx-1.6.1.jar</cp>
    <cp>lib/UiBooster.jar</cp>
    <cp>lib/controlP5.jar</cp>
  </classPath>
  <jre>
    <minVersion>1.8.0_74</minVersion>
    <opt>-Djna.nosys=true</opt>
    <opt>-Djava.library.path="%EXEDIR%\lib"</opt>
  </jre>
</launch4jConfig>
